source,target
00-ros2-theory/,01-foundations/
00-ros2-theory/t1-what-is-ros2/,01-foundations/01-understanding-ros/
00-ros2-theory/t2-graph-and-communication/,01-foundations/05-ros2-communication/
00-ros2-theory/t3-workspace-package-runtime/,05-ros2-development/23-workspace-packages-build/
00-ros2-theory/t4-time-qos-tf-diagnosis/,04-ros2-development/
01-bringup/,02-bringup/
02-chassis-control/,03-chassis-control/
03-ros2-development/,04-ros2-development/
04-sensors-navigation/,05-sensors-navigation/
05-stm32-firmware/,06-stm32-firmware/
06-advanced-applications/,07-advanced-applications/
07-r680-platform/,08-r680-platform/
08-deployment-maintenance/,09-deployment-maintenance/
01-bringup/01-identify-configuration/,03-bringup/10-identify-configuration/
01-bringup/02-power-and-wiring/,03-bringup/11-power-and-wiring/
01-bringup/03-first-power-on/,03-bringup/12-first-power-on/
01-bringup/04-connect-controller/,03-bringup/13-connect-controller/
01-bringup/05-baseline-diagnosis/,03-bringup/14-baseline-diagnosis/
02-chassis-control/06-coordinate-frames-and-chassis/,04-chassis-control/15-coordinate-frames-and-chassis/
02-chassis-control/07-remote-control/,04-chassis-control/16-remote-control/
02-chassis-control/08-keyboard-and-cmd-vel/,04-chassis-control/17-keyboard-and-cmd-vel/
02-chassis-control/09-serial-protocol/,04-chassis-control/18-serial-protocol/
02-chassis-control/10-can-protocol/,04-chassis-control/19-can-protocol/
02-chassis-control/11-odometry-encoder-imu-pid/,04-chassis-control/20-odometry-encoder-imu-pid/
02-chassis-control/12-calibration-and-faults/,04-chassis-control/21-calibration-and-faults/
03-ros2-development/13-environment-and-source-selection/,05-ros2-development/22-environment-and-source-selection/
03-ros2-development/14-workspace-packages-build/,05-ros2-development/23-workspace-packages-build/
03-ros2-development/15-nodes-topics-services-actions/,05-ros2-development/24-nodes-topics-services-actions/
03-ros2-development/16-launch-and-parameters/,05-ros2-development/25-launch-and-parameters/
03-ros2-development/17-tf-urdf-rviz/,05-ros2-development/26-tf-urdf-rviz/
03-ros2-development/18-modify-build-rollback/,05-ros2-development/27-modify-build-rollback/
03-ros2-development/19-autostart-and-processes/,05-ros2-development/28-autostart-and-processes/
04-sensors-navigation/20-sensor-checks/,06-sensors-navigation/29-sensor-checks/
04-sensors-navigation/21-lidar-and-mapping/,06-sensors-navigation/30-lidar-and-mapping/
04-sensors-navigation/22-map-localization-tf/,06-sensors-navigation/31-map-localization-tf/
04-sensors-navigation/23-nav2-navigation/,06-sensors-navigation/32-nav2-navigation/
04-sensors-navigation/24-waypoints-path-exploration/,06-sensors-navigation/33-waypoints-path-exploration/
04-sensors-navigation/25-camera-opencv-images/,06-sensors-navigation/34-camera-opencv-images/
04-sensors-navigation/26-camera-calibration/,06-sensors-navigation/35-camera-calibration/
04-sensors-navigation/27-vision-applications/,06-sensors-navigation/36-vision-applications/
05-stm32-firmware/28-firmware-architecture-freertos/,07-stm32-firmware/37-firmware-architecture-freertos/
05-stm32-firmware/29-hardware-init-model-interfaces/,07-stm32-firmware/38-hardware-init-model-interfaces/
05-stm32-firmware/30-motor-control-pid/,07-stm32-firmware/39-motor-control-pid/
05-stm32-firmware/31-build-flash-rollback/,07-stm32-firmware/40-build-flash-rollback/
05-stm32-firmware/32-ros2-stm32-integration/,07-stm32-firmware/41-ros2-stm32-integration/
06-advanced-applications/33-gazebo-simulation/,08-advanced-applications/42-gazebo-simulation/
06-advanced-applications/34-multi-robot-and-qt/,08-advanced-applications/43-multi-robot-and-qt/
06-advanced-applications/35-mmwave-human-deep-learning/,08-advanced-applications/44-mmwave-human-deep-learning/
06-advanced-applications/36-voice-ai-openclaw/,08-advanced-applications/45-voice-ai-openclaw/
07-r680-platform/37-r680-hardware-wiring-oled/,09-r680-platform/46-r680-hardware-wiring-oled/
07-r680-platform/38-r680-debug-source-firmware/,09-r680-platform/47-r680-debug-source-firmware/
08-deployment-maintenance/39-network-docker-images/,10-deployment-maintenance/48-network-docker-images/
08-deployment-maintenance/40-logs-backup-upgrade-recovery/,10-deployment-maintenance/49-logs-backup-upgrade-recovery/
08-deployment-maintenance/41-system-acceptance/,10-deployment-maintenance/50-system-acceptance/
08-deployment-maintenance/system-acceptance-checklist/,09-deployment-maintenance/system-acceptance-checklist/
08-deployment-maintenance/42-github-pages-deployment/,09-deployment-maintenance/
09-deployment-maintenance/github-pages-deployment/,09-deployment-maintenance/
01-foundations/01-robot-components/,01-foundations/02-robot-system-overview/
01-foundations/02-ubuntu-terminal-programs/,01-foundations/03-ubuntu-terminal-programs/
01-foundations/03-what-ros2-solves/,01-foundations/01-understanding-ros/
04-ros2-development/turn-on-wheeltec-robot-source-walkthrough/,05-ros2-development/25-launch-and-parameters/#bringup-launch-chain
05-sensors-navigation/ros1-bag-offline-diagnostics/,appendices/a-ros1-maintenance/#ros1-bag-offline-diagnostics
06-stm32-firmware/stm32-peripheral-labs/,07-stm32-firmware/38-hardware-init-model-interfaces/#stm32-peripheral-labs
